LIVE/PROPOSED,Place / experience,Chamber membership,CheckOff recommends,Content status,Verification owner,Research status,Likely list,Evidence (internal)
LIVE,Taste something unexpected at 'Aridus Wine Company' — Arizona wine that doesn't taste like,not_found,discuss,curated,, ,Willcox Wine Trail,"Appointment-only tastings (OpenTable, noon to 8 daily per 2025 article). Tank 10 Series, Picpoul Blanc/Malvasia Bianca blend. Source: aridus"
LIVE,Take a selfie with either owner of ‘Birds and Barrels Vineyard’,member_public_directory,include,curated,, ,Willcox Wine Trail,"Vineyard 5000 E Arzberger Rd, Fri-Sat 11-5, Sun 1-5; downtown 100 N Railroad Ave Thu-Sun 12-6. Source: bb"
LIVE,Drive out to 'Bodega Pierce' — estate-grown high desert wine poured with actual stories ab,member_public_directory,include,curated,, ,Willcox Wine Trail,Address conflict 4511 vs 4718 E Robbs Rd (vw_wine). Two tasting rooms: Willcox and Clarkdale. Source: bodega
LIVE,Find 'Keeling Schaefer Vineyards' in the old Willcox Bank building — order the Three Siste,not_found,discuss,curated,, ,Willcox Wine Trail,"1917 Willcox Bank and Trust building, est. 2000, 154 N Railroad Ave. Source: pullcork_ks"
LIVE,"Stop into 'Flying Leap Vineyards' downtown — local wine and local art in the same room, wh",not_found,exclude,not_included,, ,(retire),"Herald Review May 2021: Birds and Barrels opened its downtown room in the old Flying Leap location. Flying Leap is not on visitwillcox wine list. Source: herald_bb, vw_wine"
LIVE,The oldest continually operating commercial building in Arizona is hiding something worth ,member_public_directory,include,curated,, ,Willcox Wine Trail; Only in Willcox,"Downtown room is 180 N Railroad Ave Suite C (vw_wine). Farm is 6217 Maranatha Way (strive). Secret body claims ""oldest continually operating commercial building in Arizona""; sources say oldest mercantile building still in use / oldest store still operating (est. 1881). Verify the claim wording."
LIVE,Touch the walls of the 'Willcox Commercial Store' — the oldest continually operating store,not_found,discuss,curated,, ,Only in Willcox; Outdoor & Historic Willcox,"John H. Norton and Company Store, NRHP 1983, est. 1881 (nrhp_store). Tenants include Strive (Suite C), Copper Horse (Suite B), Soaring Wines, Vin-Tage. Not a duplicate of Strive: building history vs tasting."
LIVE,"Order the brisket at 'Big Tex BBQ' — yes, it's in a 1920 Pullman railroad dining car. Yes,",not_found,discuss,curated,, ,Taste of Willcox; Welcome to Willcox,Address 130 E Maley St (vw_dining). Signature dish not documented.
LIVE,Grill your own meat at 'Rix's Tavern',not_found,discuss,discoverable,, ,Taste of Willcox,Address 176 S Haskell Ave (vw_dining). No source describes the grill-your-own concept.
LIVE,U-Pick at 'Apple Annies Orchard',not_found,discuss,curated,, ,Farm Fresh Willcox; Harvest,"Orchard 2081 W Hardy Rd; U-pick apples, peaches, pears July-Oct (apple)."
LIVE,Stand in front of the 'Rex Allen Arizona Cowboy Museum' — Willcox's hometown hero was the ,member_public_directory,include,curated,, ,Only in Willcox; Outdoor & Historic Willcox,"150 N Railroad Ave; Mon 10-1 live country jam, Thu-Sat 11-3; $5, under 10 and veterans free (rexallen)."
LIVE,"Walk through the 'Chiricahua Regional Museum' — Cochise, Geronimo, and the Apache Wars all",not_applicable_public_experience,include,curated,, ,Outdoor & Historic Willcox,Mon-Sat 10-4 per vw_museums; Chiricahua Apaches from Cochise to Geronimo.
LIVE,"Catch a movie at the 'Willcox Historic Theater' — 1936 Art Deco, still running first-run f",not_found,discuss,curated,, ,Welcome to Willcox; Outdoor & Historic Willcox,134 N Railroad Ave. Programming cadence unverified.
LIVE,"Walk the wine trail on 'Railroad Avenue' — three tasting rooms in one block, all worth the",member_public_directory,include,curated,, ,Willcox Wine Trail,Willcox Wine Country = Cochise Graham Wine Council dba (dir). 157 N Railroad Ave consortium address (wwc).
LIVE,Drive the scenic road through 'Chiricahua National Monument' — a billion years of volcanic,not_applicable_public_experience,include,curated,, ,Outdoor & Historic Willcox,"Free admission, daily 8:30-4:30 (vw_museums)."
LIVE,"Spot a coati, javelina, or black bear on a trail at 'Chiricahua National Monument' — this ",not_applicable_public_experience,include,discoverable,, ,Outdoor & Historic Willcox,
LIVE,"Hike to 'Massai Point' at Chiricahua — half a mile, paved, 360-degree views of the Sulphur",not_applicable_public_experience,include,discoverable,, ,Outdoor & Historic Willcox,
LIVE,"Hike the 1.5 miles into 'Fort Bowie' — no road access, no shortcuts, just the same trail A",not_applicable_public_experience,include,curated,, ,Outdoor & Historic Willcox,Daily 8:30-4:30 (vw_museums).
LIVE,Find 'Cochise Stronghold' in the Dragoon Mountains — the canyon where the Apache chief hel,not_applicable_public_experience,include,curated,, ,Outdoor & Historic Willcox,Camping available; Douglas Ranger District (vw_hiking).
LIVE,Pull over at 'Willcox Playa Wildlife Area' — a dry lake bed that becomes a shallow sea aft,not_applicable_public_experience,include,curated,, ,Outdoor & Historic Willcox; Crane Season,"Willcox Playa: 20,000+ sandhill cranes Oct-Feb (vw_birding). BLM National Natural Landmark."
LIVE,"Watch the sandhill cranes land at dusk at 'Cochise Lake' — up to 10,000 of them winter her",not_applicable_public_experience,include,seasonal,, ,Crane Season,"Cochise Lakes (aka Lake Cochise) are town effluent ponds at the north edge of the Playa, separate from Crane Lake in the Wildlife Area and from Twin Lakes (cochise_lakes). Reactivate Oct-Feb after access check."
LIVE,"Go to the 'Wings Over Willcox' birding festival — even if you've never cared about birds, ",member_public_directory,include,seasonal,, ,Crane Season; Wings Over Willcox,"Annual January, MLK weekend; started by AZ Game and Fish and the Chamber. Verify 2027 dates before reactivating."
LIVE,"Locate the grave of Warren Earp, the youngest brother of legendary lawman Wyatt Earp.",not_applicable_public_experience,include,curated,, ,Outdoor & Historic Willcox,"Same place as the ""Pioneer Cemetery"" row in the workbook: Warren Earp is buried at the back (cemetery). City list gives 370 N Sunset Strip, other sources 454 N 3rd Ave: confirm."
LIVE,Get a coffee from a local spot — not Starbucks — before you hit the road to Willcox,not_applicable_public_experience,exclude,not_included,, ,(retire from Hub list),Replace with Dos Cabezas Coffee Company / Desert Brew items.
LIVE,Start the day with a Bloody Mary — the drive to Willcox deserves a proper send-off,not_applicable_public_experience,exclude,not_included,, ,(retire from Hub list),
LIVE,"Grab a meal at a downtown Willcox local spot — no chains, no drive-throughs, just the real",not_applicable_public_experience,exclude,not_included,, ,(retire),"Geocoder artifact: maps_query ""Downtown Willcox AZ restaurants"" returned 115 S Haskell = Isabel's (vw_dining). Do not treat as Isabel's item."
PROPOSED (rewrite),Apple Annie's Orchard,not_found,discuss,curated,business,researched,Farm Fresh Willcox; Harvest,"Orchard hours 8-5 July-Aug, 9-5 Sept-Oct (apple). Cherries mentioned on site but season unclear: left out."
PROPOSED (rewrite),Willcox Pioneer Cemetery,not_applicable_public_experience,include,curated,checkoff,needs_verification,Outdoor & Historic Willcox,Roadside America describes a tall dark metal tombstone on concrete at the back of the cemetery. Wild-West-themed marker placed long after 1900.
PROPOSED (rewrite),Birds and Barrels Vineyards downtown room,member_public_directory,include,curated,business,researched,Willcox Wine Trail; Welcome to Willcox,"Downtown room Thu-Sun 12-6; Adopt a Vine program; family owned since 2015 (bb). Took over the old Flying Leap room, May 2021 (herald_bb)."
PROPOSED,Golden Rule Vineyards,member_public_directory,include,discoverable,business,researched,Willcox Wine Trail,"Own site: 469 S Haskell Ave Wed-Sat 10-5; vineyard 3525 N Golden Rule Rd, Cochise, by appointment. City list says 469 S Haskell; other sources say 180 N Railroad Ave (shared building). Resolved by the winery's own site."
PROPOSED,Copper Horse Vineyard,not_found,discuss,discoverable,business,needs_verification,Willcox Wine Trail,180 N Railroad Ave Suite B (vw_wine); shares building with Strive and Soaring (pullthatcork).
PROPOSED,Soaring Wines,not_found,discuss,discoverable,business,needs_verification,Willcox Wine Trail,180 N Railroad Ave (vw_wine); listed as Willcox Wine Country partner (wwc).
PROPOSED,Pillsbury Wine Company,not_found,discuss,discoverable,business,needs_verification,Willcox Wine Trail,6450 S Bennett Pl (vw_wine). No source gives hours or signature wine.
PROPOSED,Carlson Creek Vineyard,not_found,discuss,discoverable,business,needs_verification,Willcox Wine Trail,"Robbs Rd address varies: 4574 (vw_wine), 4660 (carlson 2017). Older Railview Ave tasting room. Production's only Carlson item is Old Town Scottsdale, not a match."
PROPOSED,Willcox Wine Festival (fall),member_public_directory,include,seasonal,destination_partner,researched,Wine Festival; Willcox Wine Trail,"Fall 2026: Oct 17-18, Railroad Park, 11-5 (wwc). Spring festival in April (vw_events)."
PROPOSED,Willcox Wine Festival (spring),member_public_directory,include,seasonal,destination_partner,needs_verification,Spring Wine Weekend,April per vw_events. 2027 dates unknown.
PROPOSED,Zarpara Vineyards,not_found,discuss,reserve,business,needs_research,Willcox Wine Trail,6777 S Zarpara Ln (vw_wine).
PROPOSED,Laramita Cellars,not_found,discuss,reserve,business,needs_research,Willcox Wine Trail,6223 E Cattle Dr (vw_wine).
PROPOSED,Passion Cellars,not_found,discuss,reserve,business,needs_research,Willcox Wine Trail,3052 N Fort Grant Rd (vw_wine).
PROPOSED,1764 Vineyards (Pearce),not_found,discuss,reserve,business,needs_research,Willcox Wine Trail,"357 W Treasure Rd, Pearce (vw_wine); Seventeen Sixty-Four Vineyards is a Wine Country partner (wwc)."
PROPOSED,Four Tails Vineyards (Pearce),not_found,discuss,reserve,business,needs_research,Willcox Wine Trail,274 E Pearce Rd (vw_wine).
PROPOSED,Sandor Vineyards (Pearce),not_found,discuss,reserve,business,needs_research,Willcox Wine Trail,"13097 AZ-181, Pearce (vw_wine)."
PROPOSED,Tortilleria La Unica,member_public_directory,include,curated,business,researched,Taste of Willcox; Welcome to Willcox,Handmade tortillas and chips; margaritas; outdoor area (unica). Chamber listing phone 520-384-0010 matches. Own website says 'coming soon'.
PROPOSED,R&R Pizza Express,member_public_directory,include,discoverable,business,researched,Taste of Willcox,"684 N Bisbee Ave, Mon-Sat 11-8; buffet, drive-thru, delivery (rr)."
PROPOSED,Isabel's South of the Border,not_found,discuss,curated,business,needs_verification,Taste of Willcox,115 S Haskell Ave (vw_dining). Salsa claim not independently confirmed.
PROPOSED,Double S Steakhouse,not_found,discuss,discoverable,business,needs_verification,Taste of Willcox,vw_dining. No signature item found.
PROPOSED,Desert Brew,not_found,discuss,discoverable,business,needs_verification,Taste of Willcox,vw_dining. Horchata frappe from workbook only.
PROPOSED,Dos Cabezas Coffee Company,not_found,discuss,discoverable,business,needs_verification,Taste of Willcox,vw_dining; doscabezascoffeeco.com not read.
PROPOSED,Evermore Coffee,member_public_directory,discuss,reserve,business,needs_research,Taste of Willcox,Directory links to a Facebook group page only (dir). No other source found.
PROPOSED,Adolfo's Taco Shop,not_found,discuss,discoverable,business,needs_verification,Taste of Willcox,vw_dining. Menu detail from workbook only.
PROPOSED,Katy's Rico Hot Dogs,not_found,discuss,reserve,business,needs_verification,Taste of Willcox,vw_dining: N Haskell across from PNC Bank.
PROPOSED,Peter's Mexican Food,not_found,discuss,reserve,business,needs_verification,Taste of Willcox,vw_dining (Yelp link only).
PROPOSED,Antojitos El Cholo Food Truck,not_found,discuss,reserve,business,needs_verification,Taste of Willcox,vw_dining.
PROPOSED,Mack's Bar,not_found,discuss,reserve,business,needs_verification,Taste of Willcox,vw_dining.
PROPOSED,Roadrunner Kafe at the KOA,member_public_directory,include,discoverable,business,researched,Taste of Willcox,"700 N Virginia Ave; stuffed French toast (prickly pear and cream cheese, maple pecan), pecan cinnamon rolls (koa). City list gives the cafe as KOA's Roadrunner Kafe."
PROPOSED,Tirrito Farm tour,not_found,discuss,curated,business,researched,Farm Fresh Willcox; Only in Willcox,"Tock farm tour; dairy, vineyard (Pinot Grigio, Sangiovese, Barbera), microbrewery and restaurant (2022), cheeses (tirrito_press, tirrito)."
PROPOSED,Tirrito Farm taproom,not_found,discuss,curated,business,researched,Taste of Willcox; Farm Fresh Willcox,"Taproom: house-brewed craft beer, seasonal releases, flights, live music (tirrito)."
PROPOSED,Tirrito Farm: The Kitchen,not_found,discuss,discoverable,business,needs_verification,Taste of Willcox,"Seasonal menus, estate wines (tirrito)."
PROPOSED,Tirrito Farm glamping domes,not_found,discuss,reserve,business,researched,Farm Fresh Willcox,"Domes added 2024; heating, A/C, king bed, heated bath floor (tirrito_press)."
PROPOSED,Apple Annie's Country Store,not_found,discuss,discoverable,business,researched,Farm Fresh Willcox; Taste of Willcox,"Fresh-baked pies and apple bread, fudge, jams, lunch Mon-Fri (apple)."
PROPOSED,Apple Annie's Corn Maze & Pumpkin Patch,not_found,discuss,seasonal,business,researched,Harvest; Summer / Family,"Corn maze billed as Southern Arizona's largest, hayrides, sunflower fields, u-pick vegetables; July-Oct (apple)."
PROPOSED,Lee's Pecans,member_public_directory,include,curated,business,researched,Farm Fresh Willcox; Welcome to Willcox,"2890 Marguerite Rd; in-shell $5/lb, pieces $13, halves $15; samples; harvest in January (lees)."
PROPOSED,Rafter M Meats,member_public_directory,include,curated,business,researched,Farm Fresh Willcox,3266 Fort Grant Rd; AZDA-inspected; retail space; Mon-Fri 8-4 (rafter). Specific products not listed.
PROPOSED,L&B Farm,member_public_directory,discuss,discoverable,business,needs_verification,Farm Fresh Willcox,8695 N Ingram Rd; educational farm tours and field trips by contact; sells at Tucson and Glendale markets (lb).
PROPOSED,Reconnect Farm,member_public_directory,discuss,reserve,business,needs_verification,Farm Fresh Willcox,"Farm store, 300+ lavender plants, stay at the farm; owners Larissa and Anthony Peters since 2022 (reconnect)."
PROPOSED,Olivery Orchards,member_public_directory,discuss,reserve,business,needs_verification,Farm Fresh Willcox,"San Simon AZ; mill, tastings, tours (olivery). Not confirmed to be in the Willcox area."
PROPOSED,Mini ASSets Farm & Ranch,member_public_directory,discuss,reserve,business,needs_research,Farm Fresh Willcox,Directory lists only a phone and an email link (dir).
PROPOSED,Ron Applegate Saddle Shop,member_public_directory,discuss,reserve,business,needs_research,Only in Willcox,Listed domain now serves unrelated content. Press reports describe Ron Applegate as a Willcox blacksmith and horseshoe maker (applegate).
PROPOSED,Cross (+) 8 Cast Iron Cottage Creations,member_public_directory,discuss,reserve,business,needs_research,Only in Willcox,Directory links to a Facebook page (dir).
PROPOSED,Momster Creations,member_public_directory,discuss,reserve,business,needs_research,Only in Willcox,Directory links to a Facebook profile (dir).
PROPOSED,All The Things,member_public_directory,discuss,reserve,business,needs_research,Welcome to Willcox,Directory links to Facebook (dir).
PROPOSED,Buffalo Sisters,not_found,discuss,reserve,business,needs_research,Welcome to Willcox,vw_shop.
PROPOSED,Willcox Traders,not_found,discuss,reserve,business,needs_research,Welcome to Willcox,vw_shop.
PROPOSED,Amarillo by Morning,not_found,discuss,reserve,business,needs_research,Welcome to Willcox,vw_shop.
PROPOSED,Vin-Tage,not_found,discuss,reserve,business,needs_research,Welcome to Willcox,vw_shop.
PROPOSED,Bear's Vintage Thrift,not_found,discuss,reserve,business,needs_research,Welcome to Willcox,vw_shop.
PROPOSED,Friendly Bookstore,not_found,discuss,reserve,business,needs_research,Welcome to Willcox,vw_shop.
PROPOSED,The Moore House,member_public_directory,discuss,reserve,business,researched,Welcome to Willcox,"Built 1919, three bedrooms, Airbnb (moore)."
PROPOSED,Stagecoach Inn,member_public_directory,discuss,reserve,business,needs_research,Welcome to Willcox,vw_lodging; directory booking link only.
PROPOSED,Arizona Sunset Inn,not_found,discuss,reserve,business,needs_research,Welcome to Willcox,vw_lodging.
PROPOSED,Lazul Aesthetics & Wellness Med Spa,member_public_directory,discuss,reserve,business,needs_research,Welcome to Willcox,135 N Haskell Ave (vw_shop); dir.
PROPOSED,The Neighborhood Studio (Pilates),not_found,discuss,reserve,business,needs_research,Welcome to Willcox,No source found.
PROPOSED,Rhumb Line lavender bloom,not_found,discuss,seasonal,business,researched,Lavender / Farms; Farm Fresh Willcox,"Peak bloom June-July; Lavender Festival every June (rhumb, vw_events)."
PROPOSED,Olive's Vineyard Cafe,not_found,discuss,discoverable,business,researched,Taste of Willcox; Farm Fresh Willcox,"Thu-Fri 11-5, Sat 9-5, Sun 9-3; focaccia sandwiches and pizzas (rhumb)."
PROPOSED,Rhumb Line Harvest Hootenanny,not_found,discuss,seasonal,business,needs_verification,Wine Festival; Harvest,Listed on rhumb as an October 17 event.
PROPOSED,The Huts at Rhumb Line,not_found,discuss,reserve,business,researched,Lavender / Farms,"vw_lodging, rhumb."
PROPOSED,Inde Motorsports Ranch,member_public_directory,include,curated,business,researched,Only in Willcox,"9301 W Airport Rd; Driver Development, Challenge Series, SCCA licensing school; waiver required (inde)."
PROPOSED,Willcox West Fest,member_public_directory,include,seasonal,chamber,needs_verification,Spring Wine Weekend; Only in Willcox,"1138 N Quail Dr; chuck wagon cook-off, ranch rodeo, blacksmithing demos; sources disagree on 2026 dates (westfest)."
PROPOSED,Rex Allen Days,not_applicable_public_experience,discuss,seasonal,chamber,needs_verification,Harvest; Only in Willcox,"vw_events: Oct 1-4, 2026; parade, car show, carnival, rodeo."
PROPOSED,Rex Allen statue,not_applicable_public_experience,include,discoverable,city,needs_verification,Only in Willcox; Outdoor & Historic Willcox,Bronze statue by Buck McCain with a molded bronze heart; horse KoKo buried at its base (rexallen).
PROPOSED,Rex Allen Monday music jam,member_public_directory,include,discoverable,business,researched,Only in Willcox,Monday 10-1 live country music jam (rexallen).
PROPOSED,Historic Railroad Depot,not_applicable_public_experience,include,curated,city,needs_verification,Outdoor & Historic Willcox; Welcome to Willcox,Built 1880; NRHP; saved from demolition in 1994; City Hall and depot museum (depot).
PROPOSED,Historic Railroad Park,not_applicable_public_experience,include,discoverable,city,needs_verification,Outdoor & Historic Willcox,vw_attr. Best photo point not documented.
PROPOSED,Railroad Avenue Walk,not_applicable_public_experience,include,curated,chamber,researched,Outdoor & Historic Willcox; Welcome to Willcox,"Depot 101 S Railroad, Rex Allen 150 N Railroad, tasting rooms at 100, 154, 180 N Railroad (vw_attr, vw_wine)."
PROPOSED,Historic Schwertner House,not_applicable_public_experience,discuss,reserve,city,needs_verification,Outdoor & Historic Willcox,"Built 1880, family home from 1897 (vw_museums)."
PROPOSED,Amerind Museum,not_applicable_public_experience,discuss,discoverable,checkoff,researched,Outdoor & Historic Willcox,"Tue-Sat 10-4, est. 1937 (vw_museums)."
PROPOSED,Studio 128,not_found,discuss,reserve,business,needs_research,Welcome to Willcox,vw_attr.
PROPOSED,Willcox Art League,member_public_directory,exclude,not_included,business,researched,,Meets 3rd Tuesday Sept-May; guests welcome; no gallery address (artleague).
PROPOSED,Twin Lakes birding,not_applicable_public_experience,include,discoverable,city,needs_verification,Crane Season; Outdoor & Historic Willcox,300+ bird species documented; Audubon Important Bird Area (vw_birding). Public access point not documented.
PROPOSED,Twin Lakes Golf Course,not_applicable_public_experience,include,discoverable,city,needs_verification,Summer / Family,vw_attr. Nine holes claim from workbook only.
PROPOSED,Keiller Park,not_applicable_public_experience,include,discoverable,city,needs_verification,Summer / Family,vw_attr. Amenities not documented.
PROPOSED,Quail Park,not_applicable_public_experience,include,discoverable,city,needs_verification,Summer / Family,vw_attr. Trail and games detail from workbook only.
PROPOSED,Railroad Dog Park,not_applicable_public_experience,include,discoverable,city,researched,Welcome to Willcox,vw_attr.
PROPOSED,Willcox City Pool & Splash Pad,not_applicable_public_experience,include,seasonal,city,needs_verification,Summer / Family,vw_attr.
PROPOSED,Event Center & Rodeo Grounds,not_applicable_public_experience,include,seasonal,city,needs_verification,Spring Wine Weekend; Summer / Family,vw_attr; hosts West Fest.
PROPOSED,Willcox Community Center Playground,not_applicable_public_experience,discuss,reserve,city,needs_research,Summer / Family,No source found.
PROPOSED,Dos Cabezas,not_applicable_public_experience,discuss,discoverable,checkoff,needs_verification,Outdoor & Historic Willcox,"Granite peaks, ghost town (vw_hiking). No access point documented."
PROPOSED,Willcox Flyer Bike Ride,not_applicable_public_experience,discuss,seasonal,chamber,needs_verification,Summer / Family,"Every August, Active.com listing (vw_events)."
PROPOSED,Boulderdash Trail Run,not_applicable_public_experience,discuss,reserve,checkoff,needs_research,Summer / Family,No source found.
PROPOSED,Amerind Texas Canyon Trail Run,not_applicable_public_experience,discuss,reserve,checkoff,needs_research,Summer / Family,No source found.
