Directory entry (exact),Disposition,Where it landed / why
Carol Dunagan,not visitor relevant,Individual member with no business named
Cochise Credit Union,not visitor relevant,"B2B, utility, finance, health, school, individual creative or non-visitor service"
Inde Motor Sports,represented,PROPOSED Inde Motorsports Ranch
L & B Farm,possible add,PROPOSED (visitor access by tour request)
Martin Rubber,not visitor relevant,"B2B, utility, finance, health, school, individual creative or non-visitor service"
Re/Max High Desert Realty LLC,not visitor relevant,"B2B, utility, finance, health, school, individual creative or non-visitor service"
Shambra Palmer,not visitor relevant,Individual member with no business named
Southwest Disposal,not visitor relevant,"B2B, utility, finance, health, school, individual creative or non-visitor service"
Terri Kilber,not visitor relevant,Individual member with no business named
Birds & Barrels Vineyards,represented,LIVE vineyard item + proposed downtown tasting room
Dynamite Solutions LLC,not visitor relevant,"B2B, utility, finance, health, school, individual creative or non-visitor service"
Western Bank,not visitor relevant,"B2B, utility, finance, health, school, individual creative or non-visitor service"
Willcox Unified School District,not visitor relevant,"B2B, utility, finance, health, school, individual creative or non-visitor service"
Abbl Insurance Agency Inc.,not visitor relevant,"B2B, utility, finance, health, school, individual creative or non-visitor service"
All The Things,needs verification,"PROPOSED (Reserve, Facebook only)"
Anita McLeod Photography,not visitor relevant,"B2B, utility, finance, health, school, individual creative or non-visitor service"
Anne Marie Moore,not visitor relevant,Individual member with no business named
Arizona G&T Cooperatives,not visitor relevant,"B2B, utility, finance, health, school, individual creative or non-visitor service"
Ben Barry Music,not visitor relevant,"B2B, utility, finance, health, school, individual creative or non-visitor service"
Betsy Ajeman,not visitor relevant,Individual member with no business named
Bodega Pierce,represented,LIVE
Building Block Fitness,not visitor relevant,"B2B, utility, finance, health, school, individual creative or non-visitor service"
Chain Breakers Restorations LLC,not visitor relevant,"B2B, utility, finance, health, school, individual creative or non-visitor service"
"Charles Wm. Leighton Jr. Hospice, Inc.",not visitor relevant,"B2B, utility, finance, health, school, individual creative or non-visitor service"
City Of Willcox,represented,"Owner of the public/City experiences (depot, parks, pool, golf)"
Cochise College,not visitor relevant,"B2B, utility, finance, health, school, individual creative or non-visitor service"
Cochise County Farmers Association,needs verification,Trade association; check for a farm-stand or visitor program
"Cochise Graham Wine Council, Inc., dba Willcox Wine Country",represented,LIVE wine trail item + two festival items
Cross (+) 8 Cast Iron Cottage Creations,needs verification,"PROPOSED (Reserve, Facebook only)"
David & Wendy Conger,not visitor relevant,Individual member with no business named
Dipeso Realty,not visitor relevant,"B2B, utility, finance, health, school, individual creative or non-visitor service"
Eddie Browning,not visitor relevant,Individual member with no business named
Energy Transfer,not visitor relevant,"B2B, utility, finance, health, school, individual creative or non-visitor service"
Evermore Coffee,needs verification,"PROPOSED (Reserve, no public address found)"
Geronimo Steel,not visitor relevant,"B2B, utility, finance, health, school, individual creative or non-visitor service"
Golden Rule Vineyard,represented,PROPOSED Golden Rule Vineyards
Goodman Chiropractic & Wellness,not visitor relevant,"B2B, utility, finance, health, school, individual creative or non-visitor service"
Hot 92.5 KHTO,not visitor relevant,"B2B, utility, finance, health, school, individual creative or non-visitor service"
Julie's Safety Boutique LLC,not visitor relevant,"B2B, utility, finance, health, school, individual creative or non-visitor service"
Klump Materials,not visitor relevant,"B2B, utility, finance, health, school, individual creative or non-visitor service"
LaDonna Burgess,not visitor relevant,Individual member with no business named
Lazul Aesthetics & Wellness Med Spa,represented,PROPOSED (Reserve)
Lee's Pecans,represented,PROPOSED Lee's Pecans
Legend Dance Gymnastics Fitness,not visitor relevant,"B2B, utility, finance, health, school, individual creative or non-visitor service"
Linden Distributing dba III Counties Distributing,not visitor relevant,"B2B, utility, finance, health, school, individual creative or non-visitor service"
Love's Travel Stops,not visitor relevant,"B2B, utility, finance, health, school, individual creative or non-visitor service"
Maid Rite Feeds,not visitor relevant,"B2B, utility, finance, health, school, individual creative or non-visitor service"
Mary Peterson,not visitor relevant,Individual member with no business named
Michael & Ellen Kauffman,not visitor relevant,Individual member with no business named
Mini ASSets Farm & Ranch,needs verification,"PROPOSED (Reserve, no information)"
Momster Creations,needs verification,"PROPOSED (Reserve, Facebook only)"
Monsoon Self Storage,not visitor relevant,"B2B, utility, finance, health, school, individual creative or non-visitor service"
Mosscrow Enterprises LLC,not visitor relevant,"B2B, utility, finance, health, school, individual creative or non-visitor service"
North Bowie Farming LLC,not visitor relevant,"B2B, utility, finance, health, school, individual creative or non-visitor service"
Northern Cochise Community Hospital,not visitor relevant,"B2B, utility, finance, health, school, individual creative or non-visitor service"
Oberreuter Accounting Services,not visitor relevant,"B2B, utility, finance, health, school, individual creative or non-visitor service"
Olivery Orchards LLC,possible add,"PROPOSED (Reserve, San Simon)"
Open Loop Energy,not visitor relevant,"B2B, utility, finance, health, school, individual creative or non-visitor service"
Pioneer Title Agency,not visitor relevant,"B2B, utility, finance, health, school, individual creative or non-visitor service"
R&R Pizza Express LLC,represented,PROPOSED R&R Pizza Express
Rafter M Meats,represented,PROPOSED Rafter M Meats
Reconnect Farm LLC,possible add,"PROPOSED (Reserve, needs address)"
Remedial Healing From Within,not visitor relevant,"B2B, utility, finance, health, school, individual creative or non-visitor service"
Rex Allen Arizona Cowboy Museum,represented,LIVE + proposed music jam and statue
Ron Applegate Saddle Shop,needs verification,PROPOSED (Reserve; listed site no longer works)
Ship Arizona,not visitor relevant,"B2B, utility, finance, health, school, individual creative or non-visitor service"
Shotton Insurance Agency,not visitor relevant,"B2B, utility, finance, health, school, individual creative or non-visitor service"
Simmons Pump & Supply,not visitor relevant,"B2B, utility, finance, health, school, individual creative or non-visitor service"
"Solid Solutions, DBA Abarca and Sons",not visitor relevant,"B2B, utility, finance, health, school, individual creative or non-visitor service"
Sonya A Chairez Photography,not visitor relevant,"B2B, utility, finance, health, school, individual creative or non-visitor service"
Stagecoach Inn,possible add,"PROPOSED (Reserve, lodging)"
Stephen Kibler,not visitor relevant,Individual member with no business named
Stotz Equipment-Arizona Machinery Co.,not visitor relevant,"B2B, utility, finance, health, school, individual creative or non-visitor service"
"Strive Vineyards, LLC",represented,LIVE secret item
Sulphur Springs Valley Electric Coop,not visitor relevant,"B2B, utility, finance, health, school, individual creative or non-visitor service"
The Moore House,possible add,"PROPOSED (Reserve, lodging)"
Tortilleria La Unica,represented,PROPOSED La Unica
Valley Telecom Group,not visitor relevant,"B2B, utility, finance, health, school, individual creative or non-visitor service"
Vanessa Sanchez,not visitor relevant,Individual member with no business named
Westlawn Chapel & Mortuary,not visitor relevant,"B2B, utility, finance, health, school, individual creative or non-visitor service"
Willcox Art League,not visitor relevant,"PROPOSED then Excluded: monthly meetings only, no gallery"
Willcox Rock & Sand,not visitor relevant,"B2B, utility, finance, health, school, individual creative or non-visitor service"
Willcox West Fest Ranch Rodeo & Chuck Wagon Cook-Off,strong add,PROPOSED seasonal (April)
Willcox Wine Country,represented,Duplicate directory listing of the line above
Willcox/Cochise KOA Holiday,strong add,PROPOSED Roadrunner Kafe item
William Nolan,not visitor relevant,Individual member with no business named
Wings Over Willcox,represented,"LIVE (seasonal, inactive)"
Women Entrepreneurs Secrets of Success (WESOS),not visitor relevant,"B2B, utility, finance, health, school, individual creative or non-visitor service"
