candidate_id,place_name,group_name_if_different,current_category,current_recommendation,current_content_status,chamber_membership_status,verification_owner,research_status,research_notes,source_origin,source_urls,list_recommendation,unresolved_verification_note,chamber_decision_so_far,chamber_directory_listing,oct6_other_context,original_workbook_row
b33054f6-9508-4816-9787-6a853bedbbd3,1764 Vineyards (Pearce),1764 Vineyards,Bar & drinks,"discuss | Pearce area, outside Willcox town. Willcox Wine Country partner. Research backlog.",reserve,not_found,business,needs_research,"357 W Treasure Rd, Pearce (vw_wine); Seventeen Sixty-Four Vineyards is a Wine Country partner (wwc).",directory_gap_research,https://visitwillcox.az.gov/wine-tasting (checked 2026-10-06) ; https://willcoxwinecountry.org/ (checked 2026-10-06),Willcox Wine Trail,Distance and visitor fit.,(none),(not in the Chamber directory),"vw_wine: 1764 Vineyards, 357 W. Treasure Rd., Pearce, AZ 85625 (no hours/description). willcoxwinecountry.org lists 'Seventeen Sixty-Four Vineyards' as a Willcox Wine Country partner winery.",(not in the 66-row workbook)
ba1ae9ee-839b-438b-91d1-87c52a80b725,All The Things,,Shopping,"discuss | Chamber member, likely a shop. Facebook only.",reserve,member_public_directory,business,needs_research,Directory links to Facebook (dir).,directory_gap_research,https://www.willcoxchamberofcommerce.com/ (Chamber Member Directory section on the home page) (checked 2026-10-06),Welcome to Willcox,"What it sells, address.",(none),All The Things | phone (none shown) | link https://www.facebook.com/allthethingsaz/,Directory link is facebook.com/allthethingsaz. No other source found.,(not in the 66-row workbook)
f8949a6d-030f-492e-b6c9-37a5aa676421,Amarillo by Morning,,Shopping,discuss | Western shop at 104 N Railroad Ave. Needs a signature product.,reserve,not_found,business,needs_research,vw_shop.,chamber_workbook_2026-09-01,https://visitwillcox.az.gov/shopping-beauty (checked 2026-10-06),Welcome to Willcox,Signature product; membership.,(none),(not in the Chamber directory),"vw_shop: 104 N. Railroad Ave., Willcox, AZ 85643; retail/specialty shop; Facebook page link.","Category: Shopping; Visibility: Discoverable; Chamber Include?: Discuss; Who verifies: Business; Origin: Added Sep 1; Workbook proposed CheckOff (generic, unquoted): Browse a downtown Willcox shop and take home something with local Western character.; Workbook verification ask: Choose a specific signature product or visitor action.; Workbook source URL: https://visitwillcox.az.gov/shopping-beauty"
a2022d6d-e0c2-47be-a9ef-7d2402b393a2,Amerind Texas Canyon Trail Run,,Sports,discuss | Event details not found.,reserve,not_applicable_public_experience,checkoff,needs_research,No source found.,chamber_workbook_2026-09-01,(none attached),Summer / Family,Organizer; date.,(none),(not in the Chamber directory),"No source found in the Oct 6 pass. vw_museums: Amerind Museum, Texas Canyon near Cochise Stronghold, Tue to Sat 10 to 4, est. 1937 by William Shirley Fulton, 520-586-3666 (museum only, no run mentioned).","Category: Sports / Events; Visibility: Seasonal; Chamber Include?: Discuss; Who verifies: CheckOff; Origin: Added Sep 1; Workbook proposed CheckOff (generic, unquoted): Run a trail race through the granite scenery around the Amerind.; Workbook verification ask: Confirm current event organizer/date.; Workbook source URL: https://visitwillcox.az.gov/faqs"
bef03bb3-2e9b-4c7e-b1c0-3b6bfa82ace2,Arizona Sunset Inn,,Travel,discuss | Inn at 340 S Haskell Ave. Chamber to decide whether lodging is checkable.,reserve,not_found,business,needs_research,vw_lodging.,chamber_workbook_2026-09-01,https://visitwillcox.az.gov/lodging (checked 2026-10-06),Welcome to Willcox,Whether lodging belongs; membership.,(none),(not in the Chamber directory),"vw_lodging: Arizona Sunset Inn, 340 S. Haskell Ave, Willcox, AZ 85643; type Inn.","Category: Lodging; Visibility: Reserve; Chamber Include?: Discuss; Who verifies: Business; Origin: Added Sep 1; Workbook proposed CheckOff (generic, unquoted): Stay local in Willcox and use the town as your base for wine, history, and outdoor exploring.; Workbook verification ask: Determine whether lodging itself should be checkable or activation-only.; Workbook source URL: https://visitwillcox.az.gov/lodging/"
5df29c39-9875-475d-8823-4c070a64e1a8,Bear's Vintage Thrift,,Shopping,discuss | Thrift store at 233 N Haskell Ave. Needs specifics.,reserve,not_found,business,needs_research,vw_shop.,chamber_workbook_2026-09-01,https://visitwillcox.az.gov/shopping-beauty (checked 2026-10-06),Welcome to Willcox,Signature item; membership.,(none),(not in the Chamber directory),"vw_shop: 233 N. Haskell Ave., Willcox, AZ 85643; vintage/thrift store; bearsvintagethrift.com.","Category: Shopping; Visibility: Discoverable; Chamber Include?: Discuss; Who verifies: Business; Origin: Added Sep 1; Workbook proposed CheckOff (generic, unquoted): Hunt for a vintage or thrifted find in Willcox.; Workbook verification ask: Confirm current hours and visitor fit.; Workbook source URL: https://visitwillcox.az.gov/shopping-beauty"
c6eac0ac-734e-468a-a737-e0910c26559f,Boulderdash Trail Run,,Sports,discuss | Event details not found.,reserve,not_applicable_public_experience,checkoff,needs_research,No source found.,chamber_workbook_2026-09-01,(none attached),Summer / Family,Organizer; date.,(none),(not in the Chamber directory),"No source found in the Oct 6 pass. vw_events lists only Willcox Flyer Bike Ride (every August, Active.com), West Fest (April), Wings Over Willcox (January), Wine Festivals (April and October), Lavender Festival (June, Rhumb Line), Apple Annie's season (July to October), Rex Allen Days (October 1 to 4, 2026). No trail runs listed.","Category: Sports / Events; Visibility: Seasonal; Chamber Include?: Discuss; Who verifies: CheckOff; Origin: Added Sep 1; Workbook proposed CheckOff (generic, unquoted): Run the Boulderdash trail race through the Texas Canyon landscape.; Workbook verification ask: Confirm current event organizer/date and visitor eligibility.; Workbook source URL: https://visitwillcox.az.gov/faqs"
7b723a1e-b730-4db0-b922-838fef717f1f,Buffalo Sisters,,Shopping,discuss | Trading post at 200 N Railroad Ave. Needs a signature product before we can write it.,reserve,not_found,business,needs_research,vw_shop.,chamber_workbook_2026-09-01,https://visitwillcox.az.gov/shopping-beauty (checked 2026-10-06),Welcome to Willcox,Signature product; membership.,(none),(not in the Chamber directory),"vw_shop: 200 N. Railroad Ave., Willcox, AZ 85643; trading post/retail; Facebook page link.","Category: Shopping; Visibility: Discoverable; Chamber Include?: Discuss; Who verifies: Business; Origin: Added Sep 1; Workbook proposed CheckOff (generic, unquoted): Browse Buffalo Sisters for a locally distinctive downtown find.; Workbook verification ask: Choose a specific signature product / category.; Workbook source URL: https://visitwillcox.az.gov/shopping-beauty"
eace590c-3331-47d3-b9b2-c1f02c3f6263,Cross (+) 8 Cast Iron Cottage Creations,Cross 8 Cast Iron Cottage Creations,Shopping,discuss | Chamber member and local maker. Facebook only; we need to confirm visitor access.,reserve,member_public_directory,business,needs_research,Directory links to a Facebook page (dir).,directory_gap_research,https://www.willcoxchamberofcommerce.com/ (Chamber Member Directory section on the home page) (checked 2026-10-06),Only in Willcox,"Product, location, visitor access.",(none),Cross (+) 8 Cast Iron Cottage Creations | phone (none shown) | link https://www.facebook.com/p/Cross-8-Cast-Iron-Cottage-Creations-61572746550984/,Directory link is a Facebook page only. A web search found nothing about this business.,(not in the 66-row workbook)
590efcfd-d30a-4b2c-9f76-c06574b8af00,Evermore Coffee,,Food & drink,discuss | Chamber member with no public address or website found. Needs a quick look.,reserve,member_public_directory,business,needs_research,Directory links to a Facebook group page only (dir). No other source found.,directory_gap_research,https://www.willcoxchamberofcommerce.com/ (Chamber Member Directory section on the home page) (checked 2026-10-06),Taste of Willcox,"Where is it, is it open to visitors.",(none),Evermore Coffee | phone (none shown) | link https://www.facebook.com/groups/1554073914906140/user/100024109700913/,Directory link is a Facebook group page only. A web search for 'Evermore Coffee Willcox Arizona' returned no business details (only other Willcox coffee shops such as Dos Cabezas Coffee Co.).,(not in the 66-row workbook)
b212c26a-244e-4212-99aa-44486d343b96,Four Tails Vineyards (Pearce),Four Tails Vineyards,Bar & drinks,"discuss | Pearce area, outside Willcox town. Research backlog.",reserve,not_found,business,needs_research,274 E Pearce Rd (vw_wine).,directory_gap_research,https://visitwillcox.az.gov/wine-tasting (checked 2026-10-06),Willcox Wine Trail,Distance and visitor fit.,(none),(not in the Chamber directory),"vw_wine: Four Tails Vineyards, 274 E Pearce Road, Pearce, AZ 85625 (no hours/description).",(not in the 66-row workbook)
e7657a93-275a-4d28-b7ca-5e3c6c24285d,Friendly Bookstore,,Shopping,discuss | Bookstore at 125 E Maley St. Needs specifics.,reserve,not_found,business,needs_research,vw_shop.,chamber_workbook_2026-09-01,https://visitwillcox.az.gov/shopping-beauty (checked 2026-10-06),Welcome to Willcox,Signature item; membership.,(none),(not in the Chamber directory),"vw_shop: 125 E. Maley St., Willcox, AZ 85643; bookstore; Yelp link.","Category: Shopping; Visibility: Discoverable; Chamber Include?: Discuss; Who verifies: Business; Origin: Added Sep 1; Workbook proposed CheckOff (generic, unquoted): Browse the Friendly Bookstore and pick out a road-trip read.; Workbook verification ask: Confirm current hours and visitor fit.; Workbook source URL: https://visitwillcox.az.gov/shopping-beauty"
ff2f01fa-b3e8-459d-9ab0-a944b05e5949,Laramita Cellars,,Bar & drinks,discuss | Research backlog. Listed by the City; no hours or specifics found.,reserve,not_found,business,needs_research,6223 E Cattle Dr (vw_wine).,directory_gap_research,https://visitwillcox.az.gov/wine-tasting (checked 2026-10-06),Willcox Wine Trail,Everything.,(none),(not in the Chamber directory),"vw_wine: Laramita Cellars, 6223 E. Cattle Dr., Willcox, AZ 85643 (no hours/description).",(not in the 66-row workbook)
208d4384-9e7f-48a4-a690-257c4166cee6,Lazul Aesthetics & Wellness Med Spa,Lazul Med Spa,Spa & self-care,discuss | Chamber member. Wellness is a stretch for most visitors; services need confirming.,reserve,member_public_directory,business,needs_research,135 N Haskell Ave (vw_shop); dir.,chamber_workbook_2026-09-01,https://visitwillcox.az.gov/shopping-beauty (checked 2026-10-06) ; https://www.willcoxchamberofcommerce.com/ (Chamber Member Directory section on the home page) (checked 2026-10-06),Welcome to Willcox,Services; visitor fit.,(none),Lazul Aesthetics & Wellness Med Spa | phone (520) 766-3223 | link https://lazulmedspa.com/,"vw_shop: Lazul Med Spa, 135 N. Haskell Ave., Willcox, AZ 85643 (no description).","Category: Wellness; Visibility: Reserve; Chamber Include?: Discuss; Who verifies: Business; Origin: Added Sep 1; Workbook proposed CheckOff (generic, unquoted): Book a little recovery or self-care during a Willcox getaway.; Workbook verification ask: Confirm services, visitor suitability, booking link.; Workbook source URL: https://visitwillcox.az.gov/shopping-beauty"
05a86bc4-98df-415f-a5af-5f25fe7afb0e,Mini ASSets Farm & Ranch,,Play,discuss | Chamber member. No public information found.,reserve,member_public_directory,business,needs_research,Directory lists only a phone and an email link (dir).,directory_gap_research,https://www.willcoxchamberofcommerce.com/ (Chamber Member Directory section on the home page) (checked 2026-10-06),Farm Fresh Willcox,Everything.,(none),Mini ASSets Farm & Ranch | phone 520 820 7999 | link http://miniassetsfarm@gmail.com,Directory lists phone 520 820 7999 and an email-style link (miniassetsfarm@gmail.com). A web search found nothing.,(not in the 66-row workbook)
26476d60-c71b-4965-8ea1-67e0e9ecd52d,Momster Creations,,Shopping,discuss | Chamber member and local maker. Facebook only.,reserve,member_public_directory,business,needs_research,Directory links to a Facebook profile (dir).,directory_gap_research,https://www.willcoxchamberofcommerce.com/ (Chamber Member Directory section on the home page) (checked 2026-10-06),Only in Willcox,"Product, location, visitor access.",(none),Momster Creations | phone (none shown) | link https://www.facebook.com/profile.php?id=61557477655007,Directory link is a Facebook profile only. No other source found.,(not in the 66-row workbook)
0853b2bd-8bb9-41fd-b988-bfbab90384e5,Passion Cellars,,Bar & drinks,discuss | Research backlog. Listed by the City; no hours or specifics found.,reserve,not_found,business,needs_research,3052 N Fort Grant Rd (vw_wine).,directory_gap_research,https://visitwillcox.az.gov/wine-tasting (checked 2026-10-06),Willcox Wine Trail,Everything.,(none),(not in the Chamber directory),"vw_wine: Passion Cellars, 3052 N. Fort Grant Rd., Willcox, AZ 85643 (no hours/description).",(not in the 66-row workbook)
4e9ccd66-0949-4f56-95bb-ed8c222ed741,Ron Applegate Saddle Shop,,Shopping,"discuss | Chamber member. A strong maker if open to visitors, but its listed website is no longer working, so we need to confirm it.",reserve,member_public_directory,business,needs_research,Listed domain now serves unrelated content. Press reports describe Ron Applegate as a Willcox blacksmith and horseshoe maker (applegate).,directory_gap_research,https://www.willcoxchamberofcommerce.com/ (Chamber Member Directory section on the home page) (checked 2026-10-06) ; https://www.arizonahighways.com/archive/issues/chapter/Doc.949.Chapter.6 (checked 2026-10-06),Only in Willcox,"Is it a saddle shop, a blacksmith, or both; is it open to visitors.",(none),Ron Applegate Saddle Shop | phone (505) 220-5842 | link https://www.ronapplegatesaddleshop.com/,"Directory lists phone (505) 220-5842 and website ronapplegatesaddleshop.com, which now serves unrelated content (not a saddle shop). A web search snippet (Arizona Highways) described Ron Applegate as operating a Willcox workshop with locally made horseshoes, specializing in ranching and traditional western blacksmithing; the page itself was not read. No confirmation of a saddle shop or of visitor access.",(not in the 66-row workbook)
b180c10d-dce1-4c9b-9c21-e8c47384a2a2,Sandor Vineyards (Pearce),Sandor Vineyards,Bar & drinks,"discuss | Pearce area, outside Willcox town. Research backlog.",reserve,not_found,business,needs_research,"13097 AZ-181, Pearce (vw_wine).",directory_gap_research,https://visitwillcox.az.gov/wine-tasting (checked 2026-10-06),Willcox Wine Trail,Distance and visitor fit.,(none),(not in the Chamber directory),"vw_wine: Sandor Vineyards, 13097 AZ-181, Pearce, AZ 85625 (no hours/description).",(not in the 66-row workbook)
2ed669fa-d027-4b32-9011-90fa4296d148,Stagecoach Inn,,Travel,discuss | Chamber member. Inn at 100 W Rex Allen Dr. No visitor-experience detail found.,reserve,member_public_directory,business,needs_research,vw_lodging; directory booking link only.,directory_gap_research,https://visitwillcox.az.gov/lodging (checked 2026-10-06) ; https://www.willcoxchamberofcommerce.com/ (Chamber Member Directory section on the home page) (checked 2026-10-06),Welcome to Willcox,Whether lodging belongs.,(none),Stagecoach Inn | phone (520) 766-3700 | link https://ghs.channex.io/1bdf3ea1-b6d4-4f04-a001-953c65519f7f,"vw_lodging: Stagecoach Inn, 100 W Rex Allen Dr, Willcox, AZ 85643; type Inn. vw_dining lists El Rey Food Truck at 100 W Rex Allen Dr as well (same address). Search for history/details found nothing.",(not in the 66-row workbook)
5dd8d987-e3fd-45d1-8265-f05dc9da4481,Studio 128,,Arts & Culture,discuss | Downtown art studio at 128 N Railroad Ave. Needs to confirm what visitors can do.,reserve,not_found,business,needs_research,vw_attr.,chamber_workbook_2026-09-01,https://visitwillcox.az.gov/attractions-1 (checked 2026-10-06),Welcome to Willcox,What visitors can do; membership.,(none),(not in the Chamber directory),"vw_attr: Studio 128, 128 N Railroad Ave, Willcox, AZ 85643 (no description, hours or fees).","Category: Arts & Culture; Visibility: Discoverable; Chamber Include?: Discuss; Who verifies: CheckOff; Origin: Added Sep 1; Workbook proposed CheckOff (generic, unquoted): Stop into Studio 128 for a local art or creative experience downtown.; Workbook verification ask: Confirm what visitors can reliably do there and current hours.; Workbook source URL: https://visitwillcox.az.gov/attractions-1"
2cc8fd4a-7537-48e5-b127-38d5abae3eb7,The Neighborhood Studio (Pilates),The Neighborhood Studio,Spa & self-care,discuss | Pilates studio. No public listing found.,reserve,not_found,business,needs_research,No source found.,chamber_workbook_2026-09-01,(none attached),Welcome to Willcox,"Address, schedule; membership.",(none),(not in the Chamber directory),"No public listing found in the Oct 6 pass (not on vw_shop, not in the Chamber directory).","Category: Wellness; Visibility: Discoverable; Chamber Include?: Discuss; Who verifies: Chamber; Origin: Aug 8 master; Workbook proposed CheckOff (generic, unquoted): Take a Pilates class while you're in Willcox.; Workbook verification ask: Confirm address, schedule, and booking link.; Workbook source URL: https://visitwillcox.az.gov/"
9872d08a-8d52-4301-ba89-f9b132fb7ae2,Vin-Tage,,Shopping,discuss | Vintage shop in the historic Commercial building (180 N Railroad Ave). Needs a signature item.,reserve,not_found,business,needs_research,vw_shop.,chamber_workbook_2026-09-01,https://visitwillcox.az.gov/shopping-beauty (checked 2026-10-06),Welcome to Willcox,Signature item; membership.,(none),(not in the Chamber directory),"vw_shop: Vin•Tage, 180 N. Railroad Ave., Willcox, AZ 85643; vintage retail; Yelp link. Same building as the Willcox Commercial Store (John H. Norton & Co. Store, est. 1881, NRHP 1983) per Wikipedia.","Category: Shopping; Visibility: Discoverable; Chamber Include?: Discuss; Who verifies: Business; Origin: Added Sep 1; Workbook proposed CheckOff (generic, unquoted): Browse Vin•Tage inside historic downtown Willcox.; Workbook verification ask: Confirm current merchandise focus and best CheckOff.; Workbook source URL: https://visitwillcox.az.gov/shopping-beauty"
f513fb4a-c16f-41d3-9a79-4b5ba7fbd9ce,Willcox Art League,,Arts & Culture,"exclude | Chamber member, but it is a club that meets monthly. No gallery. Not a visitor experience.",not_included,member_public_directory,business,researched,Meets 3rd Tuesday Sept-May; guests welcome; no gallery address (artleague).,directory_gap_research,https://www.willcoxartleague.com (checked 2026-10-06) ; https://www.willcoxchamberofcommerce.com/ (Chamber Member Directory section on the home page) (checked 2026-10-06),,,(none),Willcox Art League | phone (none shown) | link https://www.willcoxartleague.com  ,"willcoxartleague.com: promotes interest in fine art for artists and photographers; meets the 3rd Tuesday of each month, September through May; guests and visitors welcome at monthly meetings; officers President Yolanda van der Lelij, Vice-President Monika Cronberg, Secretary Kathleen Brauchla, Treasurer Louise Walden; contact WAL@willcoxartleague.com; meeting times/locations on its Facebook page. No gallery address, hours, merchandise, art walk or classes listed. CheckOff recommendation is Exclude (club, not a visitor experience).",(not in the 66-row workbook)
3817009d-9ac7-436a-bdb2-516d7bf4a24f,Willcox Community Center Playground,,Play,discuss | Needs confirming it is open to casual public use.,reserve,not_applicable_public_experience,city,needs_research,No source found.,chamber_workbook_2026-09-01,(none attached),Summer / Family,Public use.,(none),(not in the Chamber directory),No source found in the Oct 6 pass. vw_attr lists 'Event Center' and 'Quail Park' at 1138 N Quail Drive and 'Keiller Park'/'City Pool & Splash Pad' at 500 N Bisbee Ave but nothing for a Community Center playground.,"Category: Parks & Family; Visibility: Discoverable; Chamber Include?: Discuss; Who verifies: City; Origin: Added Sep 1; Workbook proposed CheckOff (generic, unquoted): Give the kids a playground break at the Willcox Community Center.; Workbook verification ask: Confirm playground is open for casual public use outside reservations.; Workbook source URL: https://willcox.az.gov/community-center"
5e14cb92-c093-4e13-a28a-7cab02bacc00,Willcox Traders,,Shopping,discuss | Trading post at 100 S Haskell Ave. Needs a signature product.,reserve,not_found,business,needs_research,vw_shop.,chamber_workbook_2026-09-01,https://visitwillcox.az.gov/shopping-beauty (checked 2026-10-06),Welcome to Willcox,Signature product; membership.,(none),(not in the Chamber directory),"vw_shop: 100 S. Haskell Ave., Willcox, AZ 85643; trading post/retail; willcox-traders.ueniweb.com.","Category: Shopping; Visibility: Discoverable; Chamber Include?: Discuss; Who verifies: Business; Origin: Added Sep 1; Workbook proposed CheckOff (generic, unquoted): Find a locally distinctive souvenir or treasure at Willcox Traders.; Workbook verification ask: Choose a signature visitor action / product.; Workbook source URL: https://visitwillcox.az.gov/shopping-beauty"
27319ca1-fca4-4756-8d1a-b3bedc25df02,Zarpara Vineyards,,Bar & drinks,discuss | Research backlog. Listed by the City; no hours or specifics found.,reserve,not_found,business,needs_research,6777 S Zarpara Ln (vw_wine).,directory_gap_research,https://visitwillcox.az.gov/wine-tasting (checked 2026-10-06),Willcox Wine Trail,Everything.,(none),(not in the Chamber directory),"vw_wine: Zarpara Vineyards, 6777 S. Zarpara Ln., Willcox, AZ 85643 (no hours/description).",(not in the 66-row workbook)
