#,Business / place,Proposed CheckOff (workbook),Exists in production?,Current item ID(s),Current body,Recommended action,Verification needed?,Likely list assignment,Notes
1,Aridus Wine Company,Taste a flight at Aridus and pick a bottle from a current release.,Yes,84b3ad09-120b-46fa-8e5d-b2339bdcb82d,Taste something unexpected at 'Aridus Wine Company' — Arizona wine that doesn't taste like you're settling,KEEP,Yes: Confirm current featured pour / preferred wording.,"Hub primary list (currently titled ""Willcox Wine Trail · Anytime 2026"")",Match: HIGH (name + address 145 N Railview Ave). Current text is stronger than the proposal. Verify current featured pour. Chamber: Include/Curated. Verifier: CheckOff.
2,Birds & Barrels Vineyards,Taste estate wine at Birds & Barrels and compare the downtown and vineyard settings.,Yes,5d15ae43-f561-492e-b64f-9a136d086558,Take a selfie with either owner of ‘Birds and Barrels Vineyard’,KEEP,Yes: Confirm which visitor location(s) should be active.,"Hub primary list (currently titled ""Willcox Wine Trail · Anytime 2026"")",Match: HIGH (name; address 5000 E Arzberger Rd = vineyard). Production item is the vineyard location. Proposal mentions a downtown setting too: confirm which locations should be active. Chamber: Include/Curated. Verifier: CheckOff.
3,Bodega Pierce,Taste wines made from estate-grown Willcox AVA grapes.,Yes,3c706acd-9a4c-49eb-a46b-7503aed0c8a7,Drive out to 'Bodega Pierce' — estate-grown high desert wine poured with actual stories about where it came from,KEEP,Yes: Confirm current tasting experience and visitor entrance.,"Hub primary list (currently titled ""Willcox Wine Trail · Anytime 2026"")",Match: HIGH (name + address 4718 E Robbs Rd). Verify visitor entrance and current tasting experience. Chamber: Include/Curated. Verifier: CheckOff.
4,Carlson Creek Vineyard,Taste high-elevation estate-grown wine at Carlson Creek.,No,,,ADD,Yes: Confirm spelling/location and whether Willcox visitor access is current.,"Hub primary list (currently titled ""Willcox Wine Trail · Anytime 2026"")","No production match found by name, address, website or maps query. Chamber: Discuss/Curated. Verifier: Chamber. NOTE: production has a Carlson Creek item in Old Town Scottsdale (different neighborhood), not a match."
5,Keeling Schaefer Vineyards,Compare Rhône-style estate wines in historic downtown Willcox.,Yes,21fdc0b2-374f-4cdf-a0b9-02f7444b1825,"Find 'Keeling Schaefer Vineyards' in the old Willcox Bank building — order the Three Sisters Syrah, don't overthink it",KEEP,Yes: Confirm current signature pour.,"Hub primary list (currently titled ""Willcox Wine Trail · Anytime 2026"")",Match: HIGH (name + address 154 N Railroad Ave). Verify current signature pour. Chamber: Include/Curated. Verifier: CheckOff.
6,Strive Vineyards,Taste Strive wines inside one of downtown Willcox's historic buildings.,Yes,455ed6c5-ee89-4280-a5ea-2854c8d169e2,The oldest continually operating commercial building in Arizona is hiding something worth sipping.,KEEP,Yes: Confirm preferred visitor-facing wording.,"Hub primary list (currently titled ""Willcox Wine Trail · Anytime 2026"")",Match: HIGH (name only in secret_reveal_text; address 180 N Railroad Ave; website strivevineyards.com). SECRET item. Public pages must never show its body. Shares an address with the Willcox Commercial Store item. Chamber: Include/Curated. Verifier: CheckOff.
7,Golden Rule Vineyards,Taste Golden Rule wines in the Willcox area.,No,,,ADD,Yes: Confirm current tasting-room address; prior sources disagreed.,"Hub primary list (currently titled ""Willcox Wine Trail · Anytime 2026"")","No production match found by name, address, website or maps query. Chamber: Discuss/Curated. Verifier: Chamber."
8,Pillsbury Wine Company,Visit Pillsbury and taste a legacy Arizona wine.,No,,,ADD,Yes: Confirm current visitor-facing location and signature wine.,"Hub primary list (currently titled ""Willcox Wine Trail · Anytime 2026"")","No production match found by name, address, website or maps query. Chamber: Include/Curated. Verifier: CheckOff."
9,Big Tex BBQ,Order the signature smoked-meat plate at Big Tex BBQ.,Yes,daf77fc6-c446-4999-bfad-75584070ad8f,"Order the brisket at 'Big Tex BBQ' — yes, it's in a 1920 Pullman railroad dining car. Yes, that's as cool as it sounds",KEEP,Yes: Choose the one signature dish to name.,"Hub primary list (currently titled ""Willcox Wine Trail · Anytime 2026"")",Match: HIGH (name + address 130 E Maley St). Existing text names no dish; workbook asks Chamber to choose a signature dish. Chamber: Include/Curated. Verifier: Chamber.
10,La Unica Tortilleria,Eat a fresh tortilla-based meal and take tortillas home.,No,,,ADD,Yes: Choose the signature dish / tortilla item.,"Hub primary list (currently titled ""Willcox Wine Trail · Anytime 2026"")","No production match found by name, address, website or maps query. Chamber: Include/Curated. Verifier: Chamber."
11,Isabel's South of the Border,Try the fire-roasted salsa with a Mexican dinner.,No,,,ADD,Yes: Confirm signature item is still the best recommendation.,"Hub primary list (currently titled ""Willcox Wine Trail · Anytime 2026"")","No production match found by name, address, website or maps query. Chamber: Include/Curated. Verifier: CheckOff."
12,Adolfo's Taco Shop,Order carne asada tacos or a breakfast burrito.,No,,,ADD,Yes: Confirm current signature order.,"Hub primary list (currently titled ""Willcox Wine Trail · Anytime 2026"")","No production match found by name, address, website or maps query. Chamber: Include/Curated. Verifier: CheckOff."
13,Double S Steakhouse,"Have a steak dinner after a day of wine, hiking, or exploring.",No,,,ADD,Yes: Choose the signature steak / menu item.,"Hub primary list (currently titled ""Willcox Wine Trail · Anytime 2026"")","No production match found by name, address, website or maps query. Chamber: Include/Curated. Verifier: Chamber."
14,Desert Brew,Order a horchata frappe or a local coffee drink.,No,,,ADD,Yes: Confirm current signature drink.,"Hub primary list (currently titled ""Willcox Wine Trail · Anytime 2026"")","No production match found by name, address, website or maps query. Chamber: Include/Curated. Verifier: CheckOff."
15,Dos Cabezas Coffee Company,Start the morning with locally roasted coffee.,No,,,ADD,Yes: Confirm current visitor hours / preferred drink.,"Hub primary list (currently titled ""Willcox Wine Trail · Anytime 2026"")","No production match found by name, address, website or maps query. Chamber: Include/Curated. Verifier: CheckOff."
16,Katy's Rico Hot Dogs,Grab a local hot dog from Katy's roadside stand.,No,,,ADD,Yes: Confirm current operating schedule and exact setup/location.,"None (Discoverable: in Hub/Nearby via neighborhood, no list slot)","No production match found by name, address, website or maps query. Chamber: Discuss/Discoverable. Verifier: CheckOff."
17,Peter's Mexican Food,Order a local Mexican favorite at Peter's.,No,,,ADD,Yes: Identify a signature dish worth naming.,"None (Discoverable: in Hub/Nearby via neighborhood, no list slot)","No production match found by name, address, website or maps query. Chamber: Discuss/Discoverable. Verifier: CheckOff."
18,Antojitos El Cholo Food Truck,Order a made-to-order Mexican street-food favorite.,No,,,ADD,"Yes: Confirm regular location, schedule, and signature item.","None (Discoverable: in Hub/Nearby via neighborhood, no list slot)","No production match found by name, address, website or maps query. Chamber: Discuss/Discoverable. Verifier: CheckOff."
19,R&R Pizza,Split a pizza at a local Willcox spot.,No,,,ADD,Yes: Confirm signature pizza and current hours.,"None (Discoverable: in Hub/Nearby via neighborhood, no list slot)","No production match found by name, address, website or maps query. Chamber: Discuss/Discoverable. Verifier: CheckOff."
20,Rix's Tavern,Stop into Rix's Tavern for a true local Willcox experience.,Yes,7018a16a-fc6f-4bc6-a3a2-ce8f097fb87c,Grill your own meat at 'Rix's Tavern',KEEP,Yes: Confirm current food experience and preferred CheckOff.,"None (Discoverable: in Hub/Nearby via neighborhood, no list slot)",Match: HIGH (name + address 176 S Haskell Ave). Chamber marked Discuss. Current text is very bare; consider REWRITE once the food experience is confirmed. Chamber: Discuss/Discoverable. Verifier: Chamber.
21,Mack's Bar,Have a drink at a downtown Willcox local bar.,No,,,ADD,"Yes: Confirm visitor fit, hours, and signature order.","None (Discoverable: in Hub/Nearby via neighborhood, no list slot)","No production match found by name, address, website or maps query. Chamber: Discuss/Discoverable. Verifier: CheckOff."
22,Historic Railroad Depot / Visitor Center,Start at the historic depot and set out on a Railroad Avenue walk.,No,,,ADD,Yes: Confirm best visitor-center interaction to feature.,"Hub primary list (currently titled ""Willcox Wine Trail · Anytime 2026"")","No production match found by name, address, website or maps query. Chamber: Include/Curated. Verifier: City."
23,Rex Allen Arizona Cowboy Museum,See Rex Allen memorabilia and the story of Willcox's singing-cowboy movie star.,Yes,8a9759d7-960a-47c2-804f-285e074880b1,"Stand in front of the 'Rex Allen Arizona Cowboy Museum' — Willcox's hometown hero was the last of the singing cowboys, and this place makes you believe it",KEEP,Yes: Confirm hours and any must-see exhibit.,"Hub primary list (currently titled ""Willcox Wine Trail · Anytime 2026"")",Match: HIGH (name + address 150 N Railroad Ave). Verify hours and must-see exhibit. Chamber: Include/Curated. Verifier: CheckOff.
24,Historic Railroad Park,Walk Railroad Park and photograph a piece of Willcox railroad history.,No,,,ADD,Yes: Confirm best photo point / marker.,"Hub primary list (currently titled ""Willcox Wine Trail · Anytime 2026"")","No production match found by name, address, website or maps query. Chamber: Include/Curated. Verifier: City."
25,Willcox Historic Theater,"Catch a movie, show, or community event in the restored historic theater.",Yes,d981fbdc-92f4-4d5f-8143-f1b9f25abe17,"Catch a movie at the 'Willcox Historic Theater' — 1936 Art Deco, still running first-run films. The marquee alone is worth a photo",KEEP,Yes: Confirm current programming cadence.,"Hub primary list (currently titled ""Willcox Wine Trail · Anytime 2026"")",Match: HIGH (name + address 134 N Railroad Ave). Verify programming cadence. Chamber: Include/Curated. Verifier: CheckOff.
26,Chiricahua Regional Museum & Research Center,Explore Chiricahua Apache and regional history from Cochise and Geronimo onward.,Yes,02decd89-e890-406d-901d-d895a7a61b00,"Walk through the 'Chiricahua Regional Museum' — Cochise, Geronimo, and the Apache Wars all ran through this valley",KEEP,Yes: Confirm visitor hours and strongest exhibit.,"Hub primary list (currently titled ""Willcox Wine Trail · Anytime 2026"")",Match: HIGH (name + address 127 E Maley St). Verify hours. Chamber: Include/Curated. Verifier: CheckOff.
27,Historic Willcox Pioneer Cemetery,Find Warren Earp's grave and read an early-Willcox marker.,Ambiguous,814f48c1-e01e-450f-b680-81008b89b693,"Locate the grave of Warren Earp, the youngest brother of legendary lawman Wyatt Earp.",REWRITE,Yes: Confirm preferred cemetery name/address and visitor guidance.,"Hub primary list (currently titled ""Willcox Wine Trail · Anytime 2026"")","Match: LOW / AMBIGUOUS (production item names Warren Earp's grave on N 3rd Ave, not a cemetery by name). Probably the same place as the Pioneer Cemetery. Do NOT auto-match: verify the cemetery name and address, then either REWRITE this item to name the cemetery or ADD separately. Chamber: Include/Curated. Verifier: City."
28,Historic Schwertner House,See one of Willcox's early historic homes and its connection to frontier travel.,No,,,ADD,Yes: Confirm whether public access is available or exterior-only.,"None (Discoverable: in Hub/Nearby via neighborhood, no list slot)","No production match found by name, address, website or maps query. Chamber: Discuss/Discoverable. Verifier: City."
29,Amerind Museum,Explore Indigenous art and archaeology at the Amerind Museum in Texas Canyon.,No,,,ADD,Yes: Confirm desired Willcox Hub radius / destination fit.,"Hub primary list (currently titled ""Willcox Wine Trail · Anytime 2026"")","No production match found by name, address, website or maps query. Chamber: Discuss/Curated. Verifier: CheckOff."
30,Studio 128,Stop into Studio 128 for a local art or creative experience downtown.,No,,,ADD,Yes: Confirm what visitors can reliably do there and current hours.,"None (Discoverable: in Hub/Nearby via neighborhood, no list slot)","No production match found by name, address, website or maps query. Chamber: Discuss/Discoverable. Verifier: CheckOff."
31,Chiricahua National Monument,Drive the scenic road and hike among the 'standing-up rocks.',Yes,f590b131-314b-4d69-bffb-e6666b9a01d9; e620f063-7ff1-4414-ba99-12ece149c7e7,"Drive the scenic road through 'Chiricahua National Monument' — a billion years of volcanic rock carved into something that shouldn't exist || Spot a coati, javelina, or black bear on a trail at 'Chiricahua National Monument' — this is genuine wildlife country, not a zoo",KEEP,Yes: No Chamber verification needed unless wording preference.,"Hub primary list (currently titled ""Willcox Wine Trail · Anytime 2026"")","Match: HIGH (name in both bodies; maps_query). Two production items share this place, plus Massai Point (c4b020ca) which is a sub-location. Decide whether three Chiricahua items is intended. Chamber: Include/Curated. Verifier: CheckOff."
32,Cochise Stronghold,Hike among granite domes in the landscape tied to Chief Cochise.,Yes,d397b765-4148-4df6-b758-27a56ddf5901,Find 'Cochise Stronghold' in the Dragoon Mountains — the canyon where the Apache chief held off the US Army for years. The quiet here is different from anywhere else,KEEP,Yes: Confirm preferred trail/entry point for geofencing.,"Hub primary list (currently titled ""Willcox Wine Trail · Anytime 2026"")",Match: HIGH (name + maps_query). Workbook asks which trail or entry point to geofence. Chamber: Include/Curated. Verifier: CheckOff.
33,Fort Bowie National Historic Site,Hike the approach trail to Fort Bowie and walk the ruins.,Yes,29270440-d54a-44fb-b0ad-5c3469f9c487,"Hike the 1.5 miles into 'Fort Bowie' — no road access, no shortcuts, just the same trail Apache scouts and US soldiers walked in the 1880s",KEEP,Yes: No Chamber verification needed unless wording preference.,"Hub primary list (currently titled ""Willcox Wine Trail · Anytime 2026"")",Match: HIGH (maps_query + address 3500 S Apache Pass Rd). Production body says Fort Bowie; workbook says Fort Bowie National Historic Site. No change needed. Chamber: Include/Curated. Verifier: CheckOff.
34,Dos Cabezas,Explore the Dos Cabezas area and take in the two granite peaks.,No,,,ADD,Yes: Need a specific safe visitor-access point before geofencing.,"None (Discoverable: in Hub/Nearby via neighborhood, no list slot)","No production match found by name, address, website or maps query. Chamber: Discuss/Discoverable. Verifier: CheckOff."
35,Willcox Playa,"Watch the open playa for sandhill cranes, shorebirds, and wide-open high-desert views.",Yes,f2c29c3b-3dc7-4dbf-9358-770ade99fe50,"Pull over at 'Willcox Playa Wildlife Area' — a dry lake bed that becomes a shallow sea after rain. Mirages, cranes, and nothing but horizon in every direction",KEEP,Yes: Confirm preferred public viewing/access point.,"Hub primary list (currently titled ""Willcox Wine Trail · Anytime 2026"")","Match: MEDIUM (Willcox Playa vs Willcox Playa Wildlife Area, Kansas Settlement Rd). Likely the same public viewing area but the preferred access point is unconfirmed. Public landmark, not a business. Chamber: Include/Curated. Verifier: City."
36,Twin Lakes Birding,Scan Twin Lakes for migrating shorebirds and waterfowl.,Ambiguous,984d5c12-0492-4a0d-8bff-b9ea1e8288dc,"Watch the sandhill cranes land at dusk at 'Cochise Lake' — up to 10,000 of them winter here. It's one of those things you don't expect to see in Arizona",SEASONAL,Yes: Confirm best public birding access point and parking.,"Hub primary list (currently titled ""Willcox Wine Trail · Anytime 2026"")","Match: AMBIGUOUS (inactive winter ""sandhill cranes at Cochise Lake""). Cochise Lake may be part of the Twin Lakes area but this is unverified. Decide whether to reactivate 984d5c12 for winter or add a Twin Lakes item. Chamber: Include/Curated. Verifier: City."
37,Twin Lakes Golf Course,Play nine holes with Willcox's high-desert landscape around you.,No,,,ADD,Yes: Confirm whether City wants golf emphasized in core or City-depth program.,"None (Discoverable: in Hub/Nearby via neighborhood, no list slot)","No production match found by name, address, website or maps query. Chamber: Include/Discoverable. Verifier: City."
38,Keiller Park,Take a break at Keiller Park and enjoy a local public green space.,No,,,ADD,Yes: Choose the strongest visitor-facing amenity / activity.,"None (Discoverable: in Hub/Nearby via neighborhood, no list slot)","No production match found by name, address, website or maps query. Chamber: Include/Discoverable. Verifier: City."
39,Quail Park,Walk the paved trail or catch a game at Quail Park.,No,,,ADD,Yes: Confirm preferred activity and current amenities.,"None (Discoverable: in Hub/Nearby via neighborhood, no list slot)","No production match found by name, address, website or maps query. Chamber: Include/Discoverable. Verifier: City."
40,Railroad Dog Park,Give your dog a travel break at Railroad Dog Park downtown.,No,,,ADD,Yes: Confirm current rules / hours.,"None (Discoverable: in Hub/Nearby via neighborhood, no list slot)","No production match found by name, address, website or maps query. Chamber: Include/Discoverable. Verifier: City."
41,Willcox Pool & Splash Pad,Cool off at the Willcox Pool & Splash Pad on a summer visit.,No,,,ADD + SEASONAL,Yes: Confirm splash-pad availability and seasonal operating dates.,"None planned. Seasonal item: needs dates, and no seasonal Willcox list exists yet","No production match found by name, address, website or maps query. Chamber: Include/Seasonal. Verifier: City."
42,Event Center & Rodeo Grounds,"Catch a rodeo, community event, or Western gathering at the Willcox grounds.",No,,,ADD + SEASONAL,Yes: Confirm event calendar / what is open outside ticketed events.,"None planned. Seasonal item: needs dates, and no seasonal Willcox list exists yet","No production match found by name, address, website or maps query. Chamber: Include/Seasonal. Verifier: City."
43,Willcox Community Center Playground,Give the kids a playground break at the Willcox Community Center.,No,,,ADD,Yes: Confirm playground is open for casual public use outside reservations.,"None (Discoverable: in Hub/Nearby via neighborhood, no list slot)","No production match found by name, address, website or maps query. Chamber: Discuss/Discoverable. Verifier: City."
44,Railroad Avenue Walk,Stroll historic Railroad Avenue and find your favorite old-Willcox photo stop.,No (production has a different Railroad Avenue wine-trail item),,"Walk the wine trail on 'Railroad Avenue' — three tasting rooms in one block, all worth the stop  [NOT a match: different concept]",ADD,Yes: Confirm suggested start/end points and any must-see stops.,"Hub primary list (currently titled ""Willcox Wine Trail · Anytime 2026"")","Match: AMBIGUOUS (production ""wine trail on Railroad Avenue"" at 154 N Railroad Ave, which is Keeling Schaefer's address). Different concept from a historic photo walk. Keep d23154df as is and treat the walk as a new item. Chamber: Include/Curated. Verifier: City."
45,Willcox Historic Downtown Photo Walk,"Photograph a favorite historic facade, sign, or railroad-era detail downtown.",No,,,ADD,Yes: Suggest 2–3 official photo stops if desired.,"None (Discoverable: in Hub/Nearby via neighborhood, no list slot)","No production match found by name, address, website or maps query. Chamber: Include/Discoverable. Verifier: City."
46,Willcox Flyer Bike Ride,Ride the Willcox Flyer and see the Sulphur Springs Valley from two wheels.,No,,,ADD + SEASONAL,Yes: Confirm event is active and current organizer.,"None planned. Seasonal item: needs dates, and no seasonal Willcox list exists yet","No production match found by name, address, website or maps query. Chamber: Discuss/Seasonal. Verifier: Chamber."
47,Boulderdash Trail Run,Run the Boulderdash trail race through the Texas Canyon landscape.,No,,,ADD + SEASONAL,Yes: Confirm current event organizer/date and visitor eligibility.,"None planned. Seasonal item: needs dates, and no seasonal Willcox list exists yet","No production match found by name, address, website or maps query. Chamber: Discuss/Seasonal. Verifier: CheckOff."
48,Amerind Texas Canyon Trail Run,Run a trail race through the granite scenery around the Amerind.,No,,,ADD + SEASONAL,Yes: Confirm current event organizer/date.,"None planned. Seasonal item: needs dates, and no seasonal Willcox list exists yet","No production match found by name, address, website or maps query. Chamber: Discuss/Seasonal. Verifier: CheckOff."
49,Apple Annie's Orchard,"Pick your own peaches, apples, or pears, then grab a bakery treat.",Yes,132a829f-12e3-407b-b619-0ecaba8ad73b,U-Pick at 'Apple Annies Orchard',REWRITE,Yes: Confirm seasonal fruit windows / evergreen wording.,"Hub primary list (currently titled ""Willcox Wine Trail · Anytime 2026"")","Match: HIGH (name + address 2081 Hardy Rd). Current body is just ""U-Pick at 'Apple Annies Orchard'"". The proposal adds fruit and a bakery treat. Confirm seasonal fruit windows first. Chamber: Include/Curated. Verifier: CheckOff."
50,Apple Annie's Produce & Pumpkins,Pick vegetables or a pumpkin and tackle the corn maze.,Ambiguous,132a829f-12e3-407b-b619-0ecaba8ad73b,U-Pick at 'Apple Annies Orchard',SEASONAL,Yes: Confirm current seasonal calendar.,"None planned. Seasonal item: needs dates, and no seasonal Willcox list exists yet",Match: AMBIGUOUS (same property as the orchard?). Unknown whether Produce & Pumpkins is a separate location. Do not create until confirmed. Chamber: Include/Seasonal. Verifier: CheckOff.
51,Tirrito Farm,"Tour a working farm with animals, vineyards, brewery, and lodging.",No,,,ADD,Yes: Confirm tour availability / booking expectation.,"Hub primary list (currently titled ""Willcox Wine Trail · Anytime 2026"")","No production match found by name, address, website or maps query. Chamber: Include/Curated. Verifier: CheckOff."
52,Rhumb Line Vineyard & Lavender Farm,Walk the lavender-and-vineyard property during bloom season.,No,,,ADD + SEASONAL,Yes: Confirm regular visitor access outside festival dates.,"None planned. Seasonal item: needs dates, and no seasonal Willcox list exists yet","No production match found by name, address, website or maps query. Chamber: Include/Seasonal. Verifier: CheckOff."
53,Lee's Pecans,Take home a Willcox-grown pecan product.,No,,,ADD,Yes: Confirm retail hours and signature product.,"Hub primary list (currently titled ""Willcox Wine Trail · Anytime 2026"")","No production match found by name, address, website or maps query. Chamber: Include/Curated. Verifier: CheckOff."
54,Rafter M Meats,"Buy Arizona-raised jerky, sausage, or a fresh cut direct from the packing house.",No,,,ADD,Yes: Confirm public retail hours and signature product.,"Hub primary list (currently titled ""Willcox Wine Trail · Anytime 2026"")","No production match found by name, address, website or maps query. Chamber: Include/Curated. Verifier: CheckOff."
55,Amarillo by Morning,Browse a downtown Willcox shop and take home something with local Western character.,No,,,ADD,Yes: Choose a specific signature product or visitor action.,"None (Discoverable: in Hub/Nearby via neighborhood, no list slot)","No production match found by name, address, website or maps query. Chamber: Discuss/Discoverable. Verifier: Business."
56,Buffalo Sisters,Browse Buffalo Sisters for a locally distinctive downtown find.,No,,,ADD,Yes: Choose a specific signature product / category.,"None (Discoverable: in Hub/Nearby via neighborhood, no list slot)","No production match found by name, address, website or maps query. Chamber: Discuss/Discoverable. Verifier: Business."
57,Friendly Bookstore,Browse the Friendly Bookstore and pick out a road-trip read.,No,,,ADD,Yes: Confirm current hours and visitor fit.,"None (Discoverable: in Hub/Nearby via neighborhood, no list slot)","No production match found by name, address, website or maps query. Chamber: Discuss/Discoverable. Verifier: Business."
58,Vin•Tage,Browse Vin•Tage inside historic downtown Willcox.,No,,,ADD,Yes: Confirm current merchandise focus and best CheckOff.,"None (Discoverable: in Hub/Nearby via neighborhood, no list slot)","No production match found by name, address, website or maps query. Chamber: Discuss/Discoverable. Verifier: Business."
59,Willcox Traders,Find a locally distinctive souvenir or treasure at Willcox Traders.,No,,,ADD,Yes: Choose a signature visitor action / product.,"None (Discoverable: in Hub/Nearby via neighborhood, no list slot)","No production match found by name, address, website or maps query. Chamber: Discuss/Discoverable. Verifier: Business."
60,Bear's Vintage Thrift,Hunt for a vintage or thrifted find in Willcox.,No,,,ADD,Yes: Confirm current hours and visitor fit.,"None (Discoverable: in Hub/Nearby via neighborhood, no list slot)","No production match found by name, address, website or maps query. Chamber: Discuss/Discoverable. Verifier: Business."
61,Lazul Med Spa,Book a little recovery or self-care during a Willcox getaway.,No,,,ADD (Reserve: do not load yet),"Yes: Confirm services, visitor suitability, booking link.","None (Reserve: research backlog, do not load)","No production match found by name, address, website or maps query. Chamber: Discuss/Reserve. Verifier: Business."
62,The Neighborhood Studio (Pilates),Take a Pilates class while you're in Willcox.,No,,,ADD,"Yes: Confirm address, schedule, and booking link.","None (Discoverable: in Hub/Nearby via neighborhood, no list slot)","No production match found by name, address, website or maps query. Chamber: Discuss/Discoverable. Verifier: Chamber."
63,Tirrito Farm Casitas,Stay overnight on a working farm in Willcox wine country.,No,,,ADD,Yes: Confirm booking details and whether lodging should be a CheckOff item.,"None (Discoverable: in Hub/Nearby via neighborhood, no list slot)","No production match found by name, address, website or maps query. Chamber: Discuss/Discoverable. Verifier: CheckOff."
64,Tirrito Farm Glamping Domes,Sleep under the high-desert sky in a glamping dome at Tirrito Farm.,No,,,ADD,Yes: Confirm availability / booking and separate experience from casitas.,"Hub primary list (currently titled ""Willcox Wine Trail · Anytime 2026"")","No production match found by name, address, website or maps query. Chamber: Discuss/Curated. Verifier: CheckOff."
65,Arizona Sunset Inn,"Stay local in Willcox and use the town as your base for wine, history, and outdoor exploring.",No,,,ADD (Reserve: do not load yet),Yes: Determine whether lodging itself should be checkable or activation-only.,"None (Reserve: research backlog, do not load)","No production match found by name, address, website or maps query. Chamber: Discuss/Reserve. Verifier: Business."
66,Inde Motorsports Ranch,Drive the private road course with a professional instructor.,No,,,ADD,Yes: Confirm visitor-access options and booking requirements.,"Hub primary list (currently titled ""Willcox Wine Trail · Anytime 2026"")","No production match found by name, address, website or maps query. Chamber: Include/Curated. Verifier: CheckOff."
P-e2f5020d,(production only) Flying Leap Vineyards,,Yes (not in workbook),e2f5020d-37c1-4e53-8076-158173b65316,"Stop into 'Flying Leap Vineyards' downtown — local wine and local art in the same room, which is a better combination than it has any right to be",KEEP + ADD TO REVIEW SET,Yes,Hub list member,Flying Leap Vineyards is live (100 N Railroad Ave) but missing from the Chamber workbook. Ask the Chamber whether it was omitted on purpose. Recommend keeping it live.
P-d07f42cf,(production only) Willcox Commercial Store,,Yes (not in workbook),d07f42cf-59cb-4060-afae-c656e929d545,Touch the walls of the 'Willcox Commercial Store' — the oldest continually operating store in Arizona. Geronimo used to shop here,DECISION NEEDED,Yes,Hub list member,Willcox Commercial Store (180 N Railroad Ave) is not in the workbook and shares Strive Vineyards' building. Confirm it is intended as the public companion to the secret item.
P-c4b020ca,(production only) Massai Point,,Yes (not in workbook),c4b020ca-0782-4b00-bf31-759462ab228f,"Hike to 'Massai Point' at Chiricahua — half a mile, paved, 360-degree views of the Sulphur Springs Valley. Most dramatic easy hike in southeastern Arizona",KEEP (sub-location of Chiricahua National Monument),Yes,Hub list member,Massai Point is inside Chiricahua National Monument. Workbook has one Chiricahua row. Public landmark.
P-e4e347d9,(production only) Get a coffee from a local spot — not Starbucks — b,,Yes (not in workbook),e4e347d9-2a69-4353-8636-67bfab98c86f,Get a coffee from a local spot — not Starbucks — before you hit the road to Willcox,RETIRE from Hub list,Business decision,Hub list member,"Generic road-trip prompt, no place. Replace with specific coffee items (Dos Cabezas Coffee Company, Desert Brew) once live."
P-fa52507f,(production only) Start the day with a Bloody Mary — the drive to Wi,,Yes (not in workbook),fa52507f-f90e-46f3-9703-e7f4f8f52823,Start the day with a Bloody Mary — the drive to Willcox deserves a proper send-off,RETIRE from Hub list,Business decision,Hub list member,"Generic road-trip prompt, no place."
P-504c8b29,(production only) Grab a meal at a downtown Willcox local spot — no ,,Yes (not in workbook),504c8b29-71b3-4aa7-9a9a-2e9ca25146e9,"Grab a meal at a downtown Willcox local spot — no chains, no drive-throughs, just the real thing",RETIRE,Business decision,Not on Hub list,Generic 'local spot' prompt with maps_query 'Downtown Willcox AZ restaurants'. Already not in the Hub list. Replace with named restaurants.
P-b07c6c8b,(production only) Wings Over Willcox,,Yes (not in workbook),b07c6c8b-edd3-42c6-9215-1ce8dfd69d00,"Go to the 'Wings Over Willcox' birding festival — even if you've never cared about birds, 10,000 sandhill cranes taking flight will change your mind",SEASONAL (keep inactive),Business decision,Hub list member,"Wings Over Willcox, winter festival, already season_tag winter and inactive. Verify the January dates before reactivating."
